region_name,genre,demand_index,recommendation_rank
강원특별자치도 강릉시,클래식 기악,0.6145955713357908,1
강원특별자치도 강릉시,무용,0.14507791058289127,2
강원특별자치도 강릉시,뮤지컬,0.13773415661798763,3
강원특별자치도 고성군,클래식 기악,0.6268806002305399,1
강원특별자치도 고성군,무용,0.13622579093478132,2
강원특별자치도 고성군,뮤지컬,0.13232753073246661,3
강원특별자치도 동해시,클래식 기악,0.6126500494773118,1
강원특별자치도 동해시,무용,0.14692151553678093,2
강원특별자치도 동해시,뮤지컬,0.13802166496350055,3
강원특별자치도 삼척시,클래식 기악,0.6232972791201087,1
강원특별자치도 삼척시,무용,0.13908389836328836,2
강원특별자치도 삼척시,뮤지컬,0.13357390542727032,3
강원특별자치도 속초시,클래식 기악,0.6118293851378073,1
강원특별자치도 속초시,무용,0.1471802980090273,2
강원특별자치도 속초시,뮤지컬,0.13867974516454265,3
강원특별자치도 양구군,클래식 기악,0.6160875082703411,1
강원특별자치도 양구군,무용,0.14427310926058137,2
강원특별자치도 양구군,뮤지컬,0.13708704915690037,3
강원특별자치도 양양군,클래식 기악,0.6285554527358845,1
강원특별자치도 양양군,무용,0.13520450707752518,2
강원특별자치도 양양군,뮤지컬,0.13129996379769907,3
강원특별자치도 영월군,클래식 기악,0.6329802292884447,1
강원특별자치도 영월군,무용,0.13224517460695548,2
강원특별자치도 영월군,뮤지컬,0.12890236095454702,3
강원특별자치도 원주시,클래식 기악,0.6020077824021753,1
강원특별자치도 원주시,무용,0.1541270444214246,2
강원특별자치도 원주시,뮤지컬,0.14343114133849583,3
강원특별자치도 인제군,클래식 기악,0.6139200920849158,1
강원특별자치도 인제군,무용,0.1451886645923917,2
강원특별자치도 인제군,뮤지컬,0.13865622297508817,3
강원특별자치도 정선군,클래식 기악,0.6294363959415104,1
강원특별자치도 정선군,무용,0.13448517726608616,2
강원특별자치도 정선군,뮤지컬,0.13056134746814674,3
강원특별자치도 철원군,클래식 기악,0.6187587465716089,1
강원특별자치도 철원군,무용,0.1421414584483484,2
강원특별자치도 철원군,뮤지컬,0.13609320975755176,3
강원특별자치도 춘천시,클래식 기악,0.6063831277989222,1
강원특별자치도 춘천시,무용,0.15079376504141764,2
강원특별자치도 춘천시,뮤지컬,0.14187931136946713,3
강원특별자치도 태백시,클래식 기악,0.6220885977970445,1
강원특별자치도 태백시,무용,0.14020496611997366,2
강원특별자치도 태백시,뮤지컬,0.13374574241094872,3
강원특별자치도 평창군,클래식 기악,0.6323743670851816,1
강원특별자치도 평창군,무용,0.13250276509699246,2
강원특별자치도 평창군,뮤지컬,0.12918317592999543,3
강원특별자치도 홍천군,클래식 기악,0.6283941552048654,1
강원특별자치도 홍천군,무용,0.135295406824971,2
강원특별자치도 홍천군,뮤지컬,0.13134064673868434,3
강원특별자치도 화천군,클래식 기악,0.6196809339857678,1
강원특별자치도 화천군,무용,0.14112393352205413,2
강원특별자치도 화천군,뮤지컬,0.13613366100268776,3
강원특별자치도 횡성군,클래식 기악,0.6345847128612324,1
강원특별자치도 횡성군,무용,0.13119873832532253,2
강원특별자치도 횡성군,뮤지컬,0.12809688995280868,3
경기도 가평군,클래식 기악,0.6254532391956551,1
경기도 가평군,무용,0.13720708262899906,2
경기도 가평군,뮤지컬,0.1328761516633836,3
경기도 고양시,클래식 기악,0.6006355851795412,1
경기도 고양시,무용,0.15482502189711617,2
경기도 고양시,뮤지컬,0.14422046680983233,3
경기도 고양시 덕양구,클래식 기악,0.5998648955918225,1
경기도 고양시 덕양구,무용,0.15525959605799974,2
경기도 고양시 덕양구,뮤지컬,0.1448383661973881,3
경기도 고양시 일산동구,클래식 기악,0.6000709377815041,1
경기도 고양시 일산동구,무용,0.15511995373108517,2
경기도 고양시 일산동구,뮤지컬,0.1445334357964099,3
경기도 고양시 일산서구,클래식 기악,0.6025912804988174,1
경기도 고양시 일산서구,무용,0.1537474935832069,2
경기도 고양시 일산서구,뮤지컬,0.14280285017463423,3
경기도 과천시,클래식 기악,0.5922510117220999,1
경기도 과천시,무용,0.16159952624594523,2
경기도 과천시,뮤지컬,0.1477105795112585,3
경기도 광명시,클래식 기악,0.5974667687540735,1
경기도 광명시,무용,0.15703529278260603,2
경기도 광명시,뮤지컬,0.14592292840841986,3
경기도 광주시,클래식 기악,0.598716455293791,1
경기도 광주시,무용,0.15640730897564842,2
경기도 광주시,뮤지컬,0.14487926919371208,3
경기도 구리시,클래식 기악,0.6010545823831598,1
경기도 구리시,무용,0.15430058475515537,2
경기도 구리시,뮤지컬,0.14428094757148324,3
경기도 군포시,클래식 기악,0.6030907847740433,1
경기도 군포시,무용,0.15281828103517622,2
경기도 군포시,뮤지컬,0.14336681265391443,3
경기도 김포시,클래식 기악,0.5930338808287441,1
경기도 김포시,무용,0.16096741925912014,2
경기도 김포시,뮤지컬,0.14728705191789998,3
경기도 남양주시,클래식 기악,0.5997848815774559,1
경기도 남양주시,무용,0.15602388395271533,2
경기도 남양주시,뮤지컬,0.1440696998835874,3
경기도 동두천시,클래식 기악,0.6154255224938402,1
경기도 동두천시,무용,0.1445209183855607,2
경기도 동두천시,뮤지컬,0.13724802737643974,3
경기도 부천시,클래식 기악,0.6031844716412422,1
경기도 부천시,무용,0.1526311761949354,2
경기도 부천시,뮤지컬,0.14344359198186343,3
경기도 부천시 소사구,클래식 기악,0.6025300421876421,1
경기도 부천시 소사구,무용,0.1533944656605335,2
경기도 부천시 소사구,뮤지컬,0.1435943242374422,3
경기도 부천시 오정구,클래식 기악,0.6090266786221828,1
경기도 부천시 오정구,무용,0.14827353375004115,2
경기도 부천시 오정구,뮤지컬,0.14065339044187047,3
경기도 부천시 원미구,클래식 기악,0.6012976666942055,1
경기도 부천시 원미구,무용,0.15387710519205217,2
경기도 부천시 원미구,뮤지컬,0.14443964857866035,3
경기도 성남시,클래식 기악,0.5984312333944134,1
경기도 성남시,무용,0.15616139601510534,2
경기도 성남시,뮤지컬,0.14576200990733137,3
경기도 성남시 분당구,클래식 기악,0.5941753495332885,1
경기도 성남시 분당구,무용,0.15971155388767666,2
경기도 성남시 분당구,뮤지컬,0.14719569709798114,3
경기도 성남시 수정구,클래식 기악,0.6022600215251374,1
경기도 성남시 수정구,무용,0.1529084113718119,2
경기도 성남시 수정구,뮤지컬,0.1445642297275775,3
경기도 성남시 중원구,클래식 기악,0.6038721073934232,1
경기도 성남시 중원구,무용,0.1516913420240476,2
경기도 성남시 중원구,뮤지컬,0.14382231724679967,3
경기도 수원시,클래식 기악,0.5942207672711647,1
경기도 수원시,무용,0.15895706348920233,2
경기도 수원시,뮤지컬,0.14787616338134305,3
경기도 수원시 권선구,클래식 기악,0.5956762180141951,1
경기도 수원시 권선구,무용,0.15785593689154695,2
경기도 수원시 권선구,뮤지컬,0.1471817834876508,3
경기도 수원시 영통구,클래식 기악,0.5846005745930302,1
경기도 수원시 영통구,무용,0.16612061276043408,2
경기도 수원시 영통구,뮤지컬,0.15213982667488626,3
경기도 수원시 장안구,클래식 기악,0.6014429084973456,1
경기도 수원시 장안구,무용,0.15398530714528527,2
경기도 수원시 장안구,뮤지컬,0.14419422515707203,3
경기도 수원시 팔달구,클래식 기악,0.5994294454603414,1
경기도 수원시 팔달구,무용,0.15454235774961733,2
경기도 수원시 팔달구,뮤지컬,0.14633311925400494,3
경기도 시흥시,클래식 기악,0.591765732309914,1
경기도 시흥시,무용,0.16139882775418407,2
경기도 시흥시,뮤지컬,0.14800203979707913,3
경기도 안산시,클래식 기악,0.6010058753657338,1
경기도 안산시,무용,0.15418156003877426,2
경기도 안산시,뮤지컬,0.1441777342660544,3
경기도 안산시 단원구,클래식 기악,0.5992142083377975,1
경기도 안산시 단원구,무용,0.15543584864206825,2
경기도 안산시 단원구,뮤지컬,0.14507418510704023,3
경기도 안산시 상록구,클래식 기악,0.6026176153256586,1
경기도 안산시 상록구,무용,0.15305323260310347,2
경기도 안산시 상록구,뮤지컬,0.14337130895376335,3
경기도 안성시,클래식 기악,0.6055081470910894,1
경기도 안성시,무용,0.151363766942562,2
경기도 안성시,뮤지컬,0.1421158628099089,3
경기도 안양시,클래식 기악,0.598683506207993,1
경기도 안양시,무용,0.15599589939759126,2
경기도 안양시,뮤지컬,0.14555579013748693,3
경기도 안양시 동안구,클래식 기악,0.594138728817013,1
경기도 안양시 동안구,무용,0.15952017654734335,2
경기도 안양시 동안구,뮤지컬,0.1473649499537347,3
경기도 안양시 만안구,클래식 기악,0.6050947282327144,1
경기도 안양시 만안구,무용,0.15102427563257337,2
경기도 안양시 만안구,뮤지컬,0.1430036463772252,3
경기도 양주시,클래식 기악,0.5980453055418163,1
경기도 양주시,무용,0.15715249199375397,2
경기도 양주시,뮤지컬,0.14513991269862594,3
경기도 양평군,클래식 기악,0.6231852270601057,1
경기도 양평군,무용,0.1392371809126933,2
경기도 양평군,뮤지컬,0.13347271765733382,3
경기도 여주시,클래식 기악,0.6166633377289357,1
경기도 여주시,무용,0.14361437845287092,2
경기도 여주시,뮤지컬,0.13667803947447937,3
경기도 연천군,클래식 기악,0.6248753096502798,1
경기도 연천군,무용,0.1374167593791671,2
경기도 연천군,뮤지컬,0.13368235968551798,3
경기도 오산시,클래식 기악,0.5871970892705304,1
경기도 오산시,무용,0.16442803601018205,2
경기도 오산시,뮤지컬,0.1506492475103312,3
경기도 용인시,클래식 기악,0.5964195772173952,1
경기도 용인시,무용,0.15832911314636564,2
경기도 용인시,뮤지컬,0.14585712611447327,3
경기도 용인시 기흥구,클래식 기악,0.5974188920003739,1
경기도 용인시 기흥구,무용,0.15761924074094624,2
경기도 용인시 기흥구,뮤지컬,0.14532826378849387,3
경기도 용인시 수지구,클래식 기악,0.5927835829038162,1
경기도 용인시 수지구,무용,0.16124500306592388,2
경기도 용인시 수지구,뮤지컬,0.14735429470120742,3
경기도 용인시 처인구,클래식 기악,0.599628779989256,1
경기도 용인시 처인구,무용,0.15561603407447133,2
경기도 용인시 처인구,뮤지컬,0.14471453818073612,3
경기도 의왕시,클래식 기악,0.6003958979753989,1
경기도 의왕시,무용,0.15494456361105577,2
경기도 의왕시,뮤지컬,0.14456440681646926,3
경기도 의정부시,클래식 기악,0.6026632923843902,1
경기도 의정부시,무용,0.15329344412490845,2
경기도 의정부시,뮤지컬,0.1434875290824407,3
경기도 이천시,클래식 기악,0.5995977341535885,1
경기도 이천시,무용,0.15552455388244726,2
경기도 이천시,뮤지컬,0.14497865098285223,3
경기도 파주시,클래식 기악,0.5953267419805712,1
경기도 파주시,무용,0.15906445696504326,2
경기도 파주시,뮤지컬,0.14643006263159233,3
경기도 평택시,클래식 기악,0.5911611910417528,1
경기도 평택시,무용,0.16154730398310707,2
경기도 평택시,뮤지컬,0.14889896189640264,3
경기도 포천시,클래식 기악,0.6191412029073649,1
경기도 포천시,무용,0.1415747013231454,2
경기도 포천시,뮤지컬,0.1356041321708012,3
경기도 하남시,클래식 기악,0.5918789091716385,1
경기도 하남시,무용,0.16135040123244462,2
경기도 하남시,뮤지컬,0.1483673139362599,3
경기도 화성시,클래식 기악,0.5838877466918667,1
경기도 화성시,무용,0.1672755671622001,2
경기도 화성시,뮤지컬,0.1518342657356117,3
경기도 화성시 동탄구,클래식 기악,0.5732377925430051,1
경기도 화성시 동탄구,무용,0.1752881741619054,2
경기도 화성시 동탄구,뮤지컬,0.15652892738771765,3
경기도 화성시 만세구,클래식 기악,0.5965971186837776,1
경기도 화성시 만세구,무용,0.15795712547477214,2
경기도 화성시 만세구,뮤지컬,0.14593592179172618,3
경기도 화성시 병점구,클래식 기악,0.5858080462166988,1
경기도 화성시 병점구,무용,0.16544134092867555,2
경기도 화성시 병점구,뮤지컬,0.15140636472520178,3
경기도 화성시 효행구,클래식 기악,0.5916541034780454,1
경기도 화성시 효행구,무용,0.16150032811084075,2
경기도 화성시 효행구,뮤지컬,0.14838792512032697,3
경상남도 거제시,클래식 기악,0.5959625874366864,1
경상남도 거제시,무용,0.15932671164565332,2
경상남도 거제시,뮤지컬,0.14478663569410521,3
경상남도 거창군,클래식 기악,0.6243593084601867,1
경상남도 거창군,무용,0.13892239043557056,2
경상남도 거창군,뮤지컬,0.13261982687250257,3
경상남도 고성군,클래식 기악,0.6341597468287103,1
경상남도 고성군,무용,0.1317019332053975,2
경상남도 고성군,뮤지컬,0.12819120114401938,3
경상남도 김해시,클래식 기악,0.5971588306864452,1
경상남도 김해시,무용,0.15802068903767175,2
경상남도 김해시,뮤지컬,0.1448151588831,3
경상남도 남해군,클래식 기악,0.6402215167681583,1
경상남도 남해군,무용,0.12725678874217575,2
경상남도 남해군,뮤지컬,0.12586869397673728,3
경상남도 밀양시,클래식 기악,0.6287712920001661,1
경상남도 밀양시,무용,0.13511338977859144,2
경상남도 밀양시,뮤지컬,0.131135705026145,3
경상남도 사천시,클래식 기악,0.6129607195522965,1
경상남도 사천시,무용,0.1466430102195966,2
경상남도 사천시,뮤지컬,0.13804380453104345,3
경상남도 산청군,클래식 기악,0.6442158069347802,1
경상남도 산청군,무용,0.12418762254567782,2
경상남도 산청군,뮤지컬,0.12396597145567438,3
경상남도 양산시,클래식 기악,0.5988957049733176,1
경상남도 양산시,무용,0.15672452332565523,2
경상남도 양산시,뮤지컬,0.14436283608331082,3
경상남도 의령군,클래식 기악,0.6416100323600151,1
경상남도 의령군,무용,0.12596323233454698,2
경상남도 의령군,뮤지컬,0.12542437185645108,3
경상남도 진주시,클래식 기악,0.6055504878644374,1
경상남도 진주시,무용,0.15176874451955527,2
경상남도 진주시,뮤지컬,0.14174529927362164,3
경상남도 창녕군,클래식 기악,0.63432996026617,1
경상남도 창녕군,무용,0.13139189165266657,2
경상남도 창녕군,뮤지컬,0.1283638210482173,3
경상남도 창원시,클래식 기악,0.6033662624016822,1
경상남도 창원시,무용,0.1531975779094935,2
경상남도 창원시,뮤지컬,0.142602642980417,3
경상남도 창원시 마산합포구,클래식 기악,0.6118340182061212,1
경상남도 창원시 마산합포구,무용,0.14716012164044237,2
경상남도 창원시 마산합포구,뮤지컬,0.13904930843898686,3
경상남도 창원시 마산회원구,클래식 기악,0.6103017029219701,1
경상남도 창원시 마산회원구,무용,0.14831212215604464,2
경상남도 창원시 마산회원구,뮤지컬,0.13935316420601573,3
경상남도 창원시 성산구,클래식 기악,0.5953063299121295,1
경상남도 창원시 성산구,무용,0.1587305374632774,2
경상남도 창원시 성산구,뮤지컬,0.14629204947381202,3
경상남도 창원시 의창구,클래식 기악,0.6032632522309322,1
경상남도 창원시 의창구,무용,0.153156437600277,2
경상남도 창원시 의창구,뮤지컬,0.14265296366597238,3
경상남도 창원시 진해구,클래식 기악,0.5996108989036877,1
경상남도 창원시 진해구,무용,0.1562354392780654,2
경상남도 창원시 진해구,뮤지컬,0.14408130216041992,3
경상남도 통영시,클래식 기악,0.6142689477447363,1
경상남도 통영시,무용,0.14600795079796386,2
경상남도 통영시,뮤지컬,0.1368655537440221,3
경상남도 하동군,클래식 기악,0.6418760501087354,1
경상남도 하동군,무용,0.12593238341037932,2
경상남도 하동군,뮤지컬,0.12490227648913706,3
경상남도 함안군,클래식 기악,0.6248225283990031,1
경상남도 함안군,무용,0.13842129948786136,2
경상남도 함안군,뮤지컬,0.13223937430425364,3
경상남도 함양군,클래식 기악,0.6373911625663218,1
경상남도 함양군,무용,0.12936350623892334,2
경상남도 함양군,뮤지컬,0.12686915824104242,3
경상남도 합천군,클래식 기악,0.6460866482434773,1
경상남도 합천군,뮤지컬,0.12350374544604455,2
경상남도 합천군,무용,0.12277548307332083,3
경상북도 경산시,클래식 기악,0.6068636581891744,1
경상북도 경산시,무용,0.15037636933155785,2
경상북도 경산시,뮤지컬,0.1415542646621642,3
경상북도 경주시,클래식 기악,0.6178588653018607,1
경상북도 경주시,무용,0.14291917113047775,2
경상북도 경주시,뮤지컬,0.13590642942416034,3
경상북도 고령군,클래식 기악,0.6357963919572217,1
경상북도 고령군,무용,0.1300442855866337,2
경상북도 고령군,뮤지컬,0.12783663730775457,3
경상북도 구미시,클래식 기악,0.5919791173584928,1
경상북도 구미시,무용,0.16135767974426385,2
경상북도 구미시,뮤지컬,0.14781793510231422,3
경상북도 김천시,클래식 기악,0.6161347122149512,1
경상북도 김천시,무용,0.14446717133961015,2
경상북도 김천시,뮤지컬,0.13664092066152744,3
경상북도 문경시,클래식 기악,0.6313783843097714,1
경상북도 문경시,무용,0.13350594918524736,2
경상북도 문경시,뮤지컬,0.12984573654627043,3
경상북도 봉화군,클래식 기악,0.6442240642759509,1
경상북도 봉화군,무용,0.12434371896992766,2
경상북도 봉화군,뮤지컬,0.12393367176448866,3
경상북도 상주시,클래식 기악,0.631988325945316,1
경상북도 상주시,무용,0.13315650344352398,2
경상북도 상주시,뮤지컬,0.1295051201366752,3
경상북도 성주군,클래식 기악,0.6375653966226895,1
경상북도 성주군,무용,0.12868759399127958,2
경상북도 성주군,뮤지컬,0.12714636144977795,3
경상북도 안동시,클래식 기악,0.6182230703706831,1
경상북도 안동시,무용,0.14269419659367277,2
경상북도 안동시,뮤지컬,0.13607757552695743,3
경상북도 영덕군,클래식 기악,0.642116083919546,1
경상북도 영덕군,무용,0.12567017585388376,2
경상북도 영덕군,뮤지컬,0.12525622003736087,3
경상북도 영양군,클래식 기악,0.6406530397431569,1
경상북도 영양군,무용,0.12660709750186483,2
경상북도 영양군,뮤지컬,0.12587310086167974,3
경상북도 영주시,클래식 기악,0.6242773886015105,1
경상북도 영주시,무용,0.13869727428914255,2
경상북도 영주시,뮤지컬,0.1329121740999251,3
경상북도 영천시,클래식 기악,0.6283454244641413,1
경상북도 영천시,무용,0.13550022798267253,2
경상북도 영천시,뮤지컬,0.13123122851510963,3
경상북도 예천군,클래식 기악,0.6213941512202579,1
경상북도 예천군,무용,0.1410421248129843,2
경상북도 예천군,뮤지컬,0.13443312310411623,3
경상북도 울릉군,클래식 기악,0.6241753890953843,1
경상북도 울릉군,무용,0.1376481229151531,2
경상북도 울릉군,뮤지컬,0.13341675609061063,3
경상북도 울진군,클래식 기악,0.6248468155269591,1
경상북도 울진군,무용,0.13789767884957518,2
경상북도 울진군,뮤지컬,0.13295531113469566,3
경상북도 의성군,클래식 기악,0.647833661357142,1
경상북도 의성군,뮤지컬,0.12292805987057356,2
경상북도 의성군,무용,0.12144761829432113,3
경상북도 청도군,클래식 기악,0.6440229602682712,1
경상북도 청도군,뮤지컬,0.1243685984400227,2
경상북도 청도군,무용,0.12422277059299305,3
경상북도 청송군,클래식 기악,0.6435240744082538,1
경상북도 청송군,뮤지컬,0.12473621619276554,2
경상북도 청송군,무용,0.12444602797732442,3
경상북도 칠곡군,클래식 기악,0.6063561342643489,1
경상북도 칠곡군,무용,0.15136885379142243,2
경상북도 칠곡군,뮤지컬,0.1405835039566223,3
경상북도 포항시,클래식 기악,0.6079371432069643,1
경상북도 포항시,무용,0.15010986530689058,2
경상북도 포항시,뮤지컬,0.14042759960469467,3
경상북도 포항시 남구,클래식 기악,0.6095756000383091,1
경상북도 포항시 남구,무용,0.14885772507373787,2
경상북도 포항시 남구,뮤지컬,0.139752063246037,3
경상북도 포항시 북구,클래식 기악,0.6066592535084451,1
경상북도 포항시 북구,무용,0.15108645320010589,2
경상북도 포항시 북구,뮤지컬,0.14095447400088815,3
광주광역시 광산구,클래식 기악,0.5920342292457226,1
광주광역시 광산구,무용,0.16158030479044458,2
광주광역시 광산구,뮤지컬,0.1475215171862848,3
광주광역시 남구,클래식 기악,0.604072963628982,1
광주광역시 남구,무용,0.15302571452873792,2
광주광역시 남구,뮤지컬,0.1423925195779227,3
광주광역시 동구,클래식 기악,0.6077014746118988,1
광주광역시 동구,무용,0.14937266679315786,2
광주광역시 동구,뮤지컬,0.14214849787337144,3
광주광역시 북구,클래식 기악,0.6023389715239739,1
광주광역시 북구,무용,0.15374377463323538,2
광주광역시 북구,뮤지컬,0.14351992892376275,3
광주광역시 서구,클래식 기악,0.6020859319059307,1
광주광역시 서구,무용,0.15378600233142248,2
광주광역시 서구,뮤지컬,0.143698166517907,3
대구광역시 군위군,클래식 기악,0.6494000278717631,1
대구광역시 군위군,뮤지컬,0.12213016028886818,2
대구광역시 군위군,무용,0.12012897124391568,3
대구광역시 남구,클래식 기악,0.6149605938422104,1
대구광역시 남구,무용,0.14384137972271271,2
대구광역시 남구,뮤지컬,0.13887676931566056,3
대구광역시 달서구,클래식 기악,0.605240144864678,1
대구광역시 달서구,무용,0.15173720519289416,2
대구광역시 달서구,뮤지컬,0.14187154841048896,3
대구광역시 달성군,클래식 기악,0.5965329882008535,1
대구광역시 달성군,무용,0.15852828496029292,2
대구광역시 달성군,뮤지컬,0.1454749041807119,3
대구광역시 동구,클래식 기악,0.6087687802452415,1
대구광역시 동구,무용,0.14891042532864215,2
대구광역시 동구,뮤지컬,0.14094296924281985,3
대구광역시 북구,클래식 기악,0.6049464501125198,1
대구광역시 북구,무용,0.15185365503628986,2
대구광역시 북구,뮤지컬,0.14212701529876204,3
대구광역시 서구,클래식 기악,0.6172455854140921,1
대구광역시 서구,무용,0.14260087616666967,2
대구광역시 서구,뮤지컬,0.1370834466123612,3
대구광역시 수성구,클래식 기악,0.6026932366797683,1
대구광역시 수성구,무용,0.15424093043295733,2
대구광역시 수성구,뮤지컬,0.14245329591487474,3
대구광역시 중구,클래식 기악,0.594987348274403,1
대구광역시 중구,무용,0.15821643725509082,2
대구광역시 중구,뮤지컬,0.14835977003508513,3
대전광역시 대덕구,클래식 기악,0.6092806147411106,1
대전광역시 대덕구,무용,0.14857069786467206,2
대전광역시 대덕구,뮤지컬,0.14018803255717502,3
대전광역시 동구,클래식 기악,0.6091887994705243,1
대전광역시 동구,무용,0.1485800144323922,2
대전광역시 동구,뮤지컬,0.14080298194735086,3
대전광역시 서구,클래식 기악,0.5978302668336277,1
대전광역시 서구,무용,0.1566625713032419,2
대전광역시 서구,뮤지컬,0.14599844394162026,3
대전광역시 유성구,클래식 기악,0.5904128121542939,1
대전광역시 유성구,무용,0.16210634372917773,2
대전광역시 유성구,뮤지컬,0.14931847642695492,3
대전광역시 중구,클래식 기악,0.6090623070805895,1
대전광역시 중구,무용,0.14886467789108013,2
대전광역시 중구,뮤지컬,0.14060741072937777,3
부산광역시 강서구,클래식 기악,0.584347490785646,1
부산광역시 강서구,무용,0.16751948045155393,2
부산광역시 강서구,뮤지컬,0.15131077014491554,3
부산광역시 금정구,클래식 기악,0.6171685443573092,1
부산광역시 금정구,무용,0.1426676140876463,2
부산광역시 금정구,뮤지컬,0.13737305969875327,3
부산광역시 기장군,클래식 기악,0.5990917419488865,1
부산광역시 기장군,무용,0.15681620287806397,2
부산광역시 기장군,뮤지컬,0.14435510850379576,3
부산광역시 남구,클래식 기악,0.6098798340665201,1
부산광역시 남구,무용,0.14821331845377383,2
부산광역시 남구,뮤지컬,0.1404089000188368,3
부산광역시 동구,클래식 기악,0.6175753339887823,1
부산광역시 동구,무용,0.1420650225707126,2
부산광역시 동구,뮤지컬,0.13764060625642516,3
부산광역시 동래구,클래식 기악,0.6049531909723758,1
부산광역시 동래구,무용,0.15218970425278408,2
부산광역시 동래구,뮤지컬,0.14211645253531555,3
부산광역시 부산진구,클래식 기악,0.6067413994543787,1
부산광역시 부산진구,무용,0.14958473230473196,2
부산광역시 부산진구,뮤지컬,0.1428792078006367,3
부산광역시 북구,클래식 기악,0.611828732081009,1
부산광역시 북구,무용,0.1468236671772624,2
부산광역시 북구,뮤지컬,0.1391205438841117,3
부산광역시 사상구,클래식 기악,0.6146052807819762,1
부산광역시 사상구,무용,0.1443346324384703,2
부산광역시 사상구,뮤지컬,0.1383751337105643,3
부산광역시 사하구,클래식 기악,0.6133254446368241,1
부산광역시 사하구,무용,0.14568190187182958,2
부산광역시 사하구,뮤지컬,0.13861345381972803,3
부산광역시 서구,클래식 기악,0.6194747061668414,1
부산광역시 서구,무용,0.1411555811360567,2
부산광역시 서구,뮤지컬,0.13624507108536066,3
부산광역시 수영구,클래식 기악,0.6108462037697903,1
부산광역시 수영구,무용,0.14679218680223285,2
부산광역시 수영구,뮤지컬,0.1408875349426441,3
부산광역시 연제구,클래식 기악,0.6060453339229606,1
부산광역시 연제구,무용,0.1508359468873215,2
부산광역시 연제구,뮤지컬,0.14230217136791345,3
부산광역시 영도구,클래식 기악,0.6256778488230741,1
부산광역시 영도구,무용,0.13685317593670568,2
부산광역시 영도구,뮤지컬,0.13321122216045442,3
부산광역시 중구,클래식 기악,0.625591445325748,1
부산광역시 중구,무용,0.1355992563692835,2
부산광역시 중구,뮤지컬,0.1347540376568103,3
부산광역시 해운대구,클래식 기악,0.6071252516036512,1
부산광역시 해운대구,무용,0.15056595982461404,2
부산광역시 해운대구,뮤지컬,0.14095918950450778,3
서울특별시 강남구,클래식 기악,0.5932912307508653,1
서울특별시 강남구,무용,0.16017574707550558,2
서울특별시 강남구,뮤지컬,0.14794968513047513,3
서울특별시 강동구,클래식 기악,0.5975003678119528,1
서울특별시 강동구,무용,0.1567189061686634,2
서울특별시 강동구,뮤지컬,0.14649599661621546,3
서울특별시 강북구,클래식 기악,0.6131894004813693,1
서울특별시 강북구,무용,0.14504830828376858,2
서울특별시 강북구,뮤지컬,0.13958852927148005,3
서울특별시 강서구,클래식 기악,0.5994921450584227,1
서울특별시 강서구,무용,0.15442349467859745,2
서울특별시 강서구,뮤지컬,0.14662973139891786,3
서울특별시 관악구,클래식 기악,0.6009249233089158,1
서울특별시 관악구,무용,0.15172173769339797,2
서울특별시 관악구,뮤지컬,0.14815341526037873,3
서울특별시 광진구,클래식 기악,0.5997028755058885,1
서울특별시 광진구,무용,0.15384062125481046,2
서울특별시 광진구,뮤지컬,0.14695407791640439,3
서울특별시 구로구,클래식 기악,0.6033456337540897,1
서울특별시 구로구,무용,0.15199622817507863,2
서울특별시 구로구,뮤지컬,0.1444205780176831,3
서울특별시 금천구,클래식 기악,0.6053049371187331,1
서울특별시 금천구,무용,0.1497389923031458,2
서울특별시 금천구,뮤지컬,0.14438639347119686,3
서울특별시 노원구,클래식 기악,0.6046802517159848,1
서울특별시 노원구,무용,0.15172163195442495,2
서울특별시 노원구,뮤지컬,0.1428632249618899,3
서울특별시 도봉구,클래식 기악,0.6119142507652582,1
서울특별시 도봉구,무용,0.14624110338181218,2
서울특별시 도봉구,뮤지컬,0.13980412888090432,3
서울특별시 동대문구,클래식 기악,0.6023617744667054,1
서울특별시 동대문구,무용,0.1522867155398841,2
서울특별시 동대문구,뮤지컬,0.14546020729840506,3
서울특별시 동작구,클래식 기악,0.6014573919697056,1
서울특별시 동작구,무용,0.1527887500747246,2
서울특별시 동작구,뮤지컬,0.1460415788704822,3
서울특별시 마포구,클래식 기악,0.59530170421038,1
서울특별시 마포구,무용,0.15721925199602108,2
서울특별시 마포구,뮤지컬,0.148751882419978,3
서울특별시 서대문구,클래식 기악,0.6025771005656851,1
서울특별시 서대문구,무용,0.15242162889822514,2
서울특별시 서대문구,뮤지컬,0.1449374707312471,3
서울특별시 서초구,클래식 기악,0.5947003391930906,1
서울특별시 서초구,무용,0.15931085990787172,2
서울특별시 서초구,뮤지컬,0.14708663165413824,3
서울특별시 성동구,클래식 기악,0.5989300930687921,1
서울특별시 성동구,무용,0.15480352430554328,2
서울특별시 성동구,뮤지컬,0.14682505372309546,3
서울특별시 성북구,클래식 기악,0.6034005066216425,1
서울특별시 성북구,무용,0.1522095727834766,2
서울특별시 성북구,뮤지컬,0.14404592855787796,3
서울특별시 송파구,클래식 기악,0.5957553970502769,1
서울특별시 송파구,무용,0.15780604306695445,2
서울특별시 송파구,뮤지컬,0.14748675295888877,3
서울특별시 양천구,클래식 기악,0.6003127163849001,1
서울특별시 양천구,무용,0.1553202191473389,2
서울특별시 양천구,뮤지컬,0.14430726402507849,3
서울특별시 영등포구,클래식 기악,0.5971469753973816,1
서울특별시 영등포구,무용,0.1556519520706705,2
서울특별시 영등포구,뮤지컬,0.14830453040050795,3
서울특별시 용산구,클래식 기악,0.598862248278329,1
서울특별시 용산구,무용,0.15470515191604067,2
서울특별시 용산구,뮤지컬,0.14699663753249217,3
서울특별시 은평구,클래식 기악,0.6048955925397996,1
서울특별시 은평구,무용,0.15100895444019308,2
서울특별시 은평구,뮤지컬,0.14342293445666984,3
서울특별시 종로구,클래식 기악,0.6066054373936988,1
서울특별시 종로구,무용,0.1493400150085011,2
서울특별시 종로구,뮤지컬,0.14317854732605098,3
서울특별시 중구,클래식 기악,0.6040936126447886,1
서울특별시 중구,무용,0.15059217842324962,2
서울특별시 중구,뮤지컬,0.1451094317937277,3
서울특별시 중랑구,클래식 기악,0.6065359713650242,1
서울특별시 중랑구,무용,0.14951695710242136,2
서울특별시 중랑구,뮤지컬,0.14298402387969644,3
세종특별자치시,클래식 기악,0.5841491423186748,1
세종특별자치시,클래식 기악,0.5841491423186748,1
세종특별자치시,무용,0.16791396780442777,2
세종특별자치시,무용,0.16791396780442777,2
세종특별자치시,뮤지컬,0.15085554359289696,3
세종특별자치시,뮤지컬,0.15085554359289696,3
울산광역시 남구,클래식 기악,0.5997894269192157,1
울산광역시 남구,무용,0.15543121574436455,2
울산광역시 남구,뮤지컬,0.1445272126135247,3
울산광역시 동구,클래식 기악,0.5997591584035165,1
울산광역시 동구,무용,0.15587968593646412,2
울산광역시 동구,뮤지컬,0.1442503829523563,3
울산광역시 북구,클래식 기악,0.5906509597378471,1
울산광역시 북구,무용,0.16278080398268288,2
울산광역시 북구,뮤지컬,0.14785878334801722,3
울산광역시 울주군,클래식 기악,0.6065599410982725,1
울산광역시 울주군,무용,0.15110600740817304,2
울산광역시 울주군,뮤지컬,0.14066977729440622,3
울산광역시 중구,클래식 기악,0.6054607842864731,1
울산광역시 중구,무용,0.1517109509754353,2
울산광역시 중구,뮤지컬,0.14160981894795382,3
인천광역시 강화군,클래식 기악,0.6349505584103218,1
인천광역시 강화군,무용,0.1306881407785958,2
인천광역시 강화군,뮤지컬,0.12854642762324886,3
인천광역시 계양구,클래식 기악,0.6058343780505403,1
인천광역시 계양구,무용,0.1506378401154723,2
인천광역시 계양구,뮤지컬,0.14204653874643355,3
인천광역시 남동구,클래식 기악,0.6031766294901075,1
인천광역시 남동구,무용,0.15288242272000765,2
인천광역시 남동구,뮤지컬,0.1432316777734373,3
인천광역시 동구,클래식 기악,0.6136868120968234,1
인천광역시 동구,무용,0.14530461918930468,2
인천광역시 동구,뮤지컬,0.1387529585653512,3
인천광역시 미추홀구,클래식 기악,0.6031548367399657,1
인천광역시 미추홀구,무용,0.15256657213526023,2
인천광역시 미추홀구,뮤지컬,0.14385186448974988,3
인천광역시 부평구,클래식 기악,0.6022219701996486,1
인천광역시 부평구,무용,0.15319345828908001,2
인천광역시 부평구,뮤지컬,0.14414706395776822,3
인천광역시 서구,클래식 기악,0.5903081871785283,1
인천광역시 서구,무용,0.162484838466251,2
인천광역시 서구,뮤지컬,0.14886455353572312,3
인천광역시 연수구,클래식 기악,0.5909220665610219,1
인천광역시 연수구,무용,0.16239687396804248,2
인천광역시 연수구,뮤지컬,0.14816410823329138,3
인천광역시 옹진군,클래식 기악,0.6314957482427197,1
인천광역시 옹진군,무용,0.13204955128100807,2
인천광역시 옹진군,뮤지컬,0.13113057772328424,3
인천광역시 중구,클래식 기악,0.5926884970351121,1
인천광역시 중구,무용,0.16015277607895134,2
인천광역시 중구,뮤지컬,0.1487503118195518,3
전라남도 강진군,클래식 기악,0.6346360537296585,1
전라남도 강진군,무용,0.1311845241077883,2
전라남도 강진군,뮤지컬,0.12858343951222515,3
전라남도 고흥군,클래식 기악,0.6448850634050256,1
전라남도 고흥군,뮤지컬,0.12417456948617252,2
전라남도 고흥군,무용,0.12374779307948017,3
전라남도 곡성군,클래식 기악,0.6375190405305681,1
전라남도 곡성군,무용,0.12882011387932538,2
전라남도 곡성군,뮤지컬,0.1273288402047804,3
전라남도 광양시,클래식 기악,0.5994629278954408,1
전라남도 광양시,무용,0.1563365925709084,2
전라남도 광양시,뮤지컬,0.14391980092093593,3
전라남도 구례군,클래식 기악,0.6381712747150672,1
전라남도 구례군,무용,0.12863950183127432,2
전라남도 구례군,뮤지컬,0.12667291630882327,3
전라남도 나주시,클래식 기악,0.6080859506230856,1
전라남도 나주시,무용,0.15006511657305788,2
전라남도 나주시,뮤지컬,0.14080015303191346,3
전라남도 담양군,클래식 기악,0.6317786793886064,1
전라남도 담양군,무용,0.13300176588615178,2
전라남도 담양군,뮤지컬,0.12977500784250426,3
전라남도 목포시,클래식 기악,0.6072758719394127,1
전라남도 목포시,무용,0.1506590263427365,2
전라남도 목포시,뮤지컬,0.14065676055538898,3
전라남도 무안군,클래식 기악,0.6011214368985575,1
전라남도 무안군,무용,0.15541114261042166,2
전라남도 무안군,뮤지컬,0.1435928781234386,3
전라남도 보성군,클래식 기악,0.6422303306072943,1
전라남도 보성군,무용,0.12566409600821044,2
전라남도 보성군,뮤지컬,0.12528339111970896,3
전라남도 순천시,클래식 기악,0.6039840020015642,1
전라남도 순천시,무용,0.15301473060552429,2
전라남도 순천시,뮤지컬,0.1422210577900161,3
전라남도 신안군,클래식 기악,0.633289168096887,1
전라남도 신안군,무용,0.13197695550924787,2
전라남도 신안군,뮤지컬,0.12895151206851316,3
전라남도 여수시,클래식 기악,0.6112582079433332,1
전라남도 여수시,무용,0.14770378208120488,2
전라남도 여수시,뮤지컬,0.13902531037159352,3
전라남도 영광군,클래식 기악,0.6212036231328271,1
전라남도 영광군,무용,0.1407681511184477,2
전라남도 영광군,뮤지컬,0.13465986056305806,3
전라남도 영암군,클래식 기악,0.6232686162139319,1
전라남도 영암군,무용,0.13913323949307724,2
전라남도 영암군,뮤지컬,0.13345479706630564,3
전라남도 완도군,클래식 기악,0.6313307027272193,1
전라남도 완도군,무용,0.1336530986043146,2
전라남도 완도군,뮤지컬,0.12990940736434614,3
전라남도 장성군,클래식 기악,0.6271161010767239,1
전라남도 장성군,무용,0.13641353593977246,2
전라남도 장성군,뮤지컬,0.13191145065975562,3
전라남도 장흥군,클래식 기악,0.6348268008571291,1
전라남도 장흥군,무용,0.13099227930368199,2
전라남도 장흥군,뮤지컬,0.1284805822069629,3
전라남도 진도군,클래식 기악,0.633525847514746,1
전라남도 진도군,무용,0.13199185386063897,2
전라남도 진도군,뮤지컬,0.128962344334924,3
전라남도 함평군,클래식 기악,0.6388831594354991,1
전라남도 함평군,무용,0.1279774160418154,2
전라남도 함평군,뮤지컬,0.1266927421464814,3
전라남도 해남군,클래식 기악,0.6327290435834175,1
전라남도 해남군,무용,0.13255321674229395,2
전라남도 해남군,뮤지컬,0.12924008972062098,3
전라남도 화순군,클래식 기악,0.624542097348732,1
전라남도 화순군,무용,0.13823575363989485,2
전라남도 화순군,뮤지컬,0.13293566948591998,3
전북특별자치도 고창군,클래식 기악,0.6350597408085327,1
전북특별자치도 고창군,무용,0.13109732774000554,2
전북특별자치도 고창군,뮤지컬,0.12811350514643416,3
전북특별자치도 군산시,클래식 기악,0.608688238543172,1
전북특별자치도 군산시,무용,0.14966708359129227,2
전북특별자치도 군산시,뮤지컬,0.14002353399307663,3
전북특별자치도 김제시,클래식 기악,0.6275004247335577,1
전북특별자치도 김제시,무용,0.13601815894145122,2
전북특별자치도 김제시,뮤지컬,0.13198961207978793,3
전북특별자치도 남원시,클래식 기악,0.6262932355690467,1
전북특별자치도 남원시,무용,0.13731567720009283,2
전북특별자치도 남원시,뮤지컬,0.13188242155295832,3
전북특별자치도 무주군,클래식 기악,0.6341082017871488,1
전북특별자치도 무주군,무용,0.13151635384969004,2
전북특별자치도 무주군,뮤지컬,0.1285968082669334,3
전북특별자치도 부안군,클래식 기악,0.634556716387837,1
전북특별자치도 부안군,무용,0.13113859794832836,2
전북특별자치도 부안군,뮤지컬,0.1285352614832249,3
전북특별자치도 순창군,클래식 기악,0.6323782410002455,1
전북특별자치도 순창군,무용,0.13285858925115238,2
전북특별자치도 순창군,뮤지컬,0.12932740556679917,3
전북특별자치도 완주군,클래식 기악,0.612299735664325,1
전북특별자치도 완주군,무용,0.14695518745383615,2
전북특별자치도 완주군,뮤지컬,0.1386550563637683,3
전북특별자치도 익산시,클래식 기악,0.6123500863484859,1
전북특별자치도 익산시,무용,0.1468124746889238,2
전북특별자치도 익산시,뮤지컬,0.13863308897120874,3
전북특별자치도 임실군,클래식 기악,0.6395828568410818,1
전북특별자치도 임실군,무용,0.12750672619321454,2
전북특별자치도 임실군,뮤지컬,0.12646802418742517,3
전북특별자치도 장수군,클래식 기악,0.6358440301187674,1
전북특별자치도 장수군,무용,0.13029329876965615,2
전북특별자치도 장수군,뮤지컬,0.127859949571831,3
전북특별자치도 전주시,클래식 기악,0.6021713470466623,1
전북특별자치도 전주시,무용,0.15408482680185842,2
전북특별자치도 전주시,뮤지컬,0.14339302872992266,3
전북특별자치도 전주시 덕진구,클래식 기악,0.5985053021517428,1
전북특별자치도 전주시 덕진구,무용,0.15689038514515094,2
전북특별자치도 전주시 덕진구,뮤지컬,0.1449616366203325,3
전북특별자치도 전주시 완산구,클래식 기악,0.605760922722686,1
전북특별자치도 전주시 완산구,무용,0.15133778897897082,2
전북특별자치도 전주시 완산구,뮤지컬,0.14185714008424977,3
전북특별자치도 정읍시,클래식 기악,0.6243277881764835,1
전북특별자치도 정읍시,무용,0.1385161426670148,2
전북특별자치도 정읍시,뮤지컬,0.1329941566843546,3
전북특별자치도 진안군,클래식 기악,0.6389088936358794,1
전북특별자치도 진안군,무용,0.12810014627557526,2
전북특별자치도 진안군,뮤지컬,0.1264005683229896,3
제주특별자치도 서귀포시,클래식 기악,0.6089921408118095,1
제주특별자치도 서귀포시,무용,0.14977658622301823,2
제주특별자치도 서귀포시,뮤지컬,0.13944115859554315,3
제주특별자치도 제주시,클래식 기악,0.5993093915114734,1
제주특별자치도 제주시,무용,0.15644020605028808,2
제주특별자치도 제주시,뮤지컬,0.14424930885884085,3
충청남도 계룡시,클래식 기악,0.5950678251798928,1
충청남도 계룡시,무용,0.1600681423808706,2
충청남도 계룡시,뮤지컬,0.14545556682517888,3
충청남도 공주시,클래식 기악,0.6248349955721266,1
충청남도 공주시,무용,0.13772299416679432,2
충청남도 공주시,뮤지컬,0.13329745498132736,3
충청남도 금산군,클래식 기악,0.6326615517033429,1
충청남도 금산군,무용,0.13274398666801002,2
충청남도 금산군,뮤지컬,0.12892676816552173,3
충청남도 논산시,클래식 기악,0.6240102218430892,1
충청남도 논산시,무용,0.1386313114667699,2
충청남도 논산시,뮤지컬,0.1332886534620076,3
충청남도 당진시,클래식 기악,0.6038873878287326,1
충청남도 당진시,무용,0.15313888122750388,2
충청남도 당진시,뮤지컬,0.14229129116439035,3
충청남도 보령시,클래식 기악,0.6237927388001001,1
충청남도 보령시,무용,0.13877294608774574,2
충청남도 보령시,뮤지컬,0.13333115880281782,3
충청남도 부여군,클래식 기악,0.6388492470451876,1
충청남도 부여군,무용,0.12801479727918813,2
충청남도 부여군,뮤지컬,0.12675929252032533,3
충청남도 서산시,클래식 기악,0.607234734562708,1
충청남도 서산시,무용,0.15073404155588985,2
충청남도 서산시,뮤지컬,0.14073967411868993,3
충청남도 서천군,클래식 기악,0.6401140095187885,1
충청남도 서천군,무용,0.12711131189627112,2
충청남도 서천군,뮤지컬,0.12624958278214293,3
충청남도 아산시,클래식 기악,0.5913349879820696,1
충청남도 아산시,무용,0.1619867427548038,2
충청남도 아산시,뮤지컬,0.1483645755726189,3
충청남도 예산군,클래식 기악,0.6281762041950358,1
충청남도 예산군,무용,0.13559634727772601,2
충청남도 예산군,뮤지컬,0.13155039630324533,3
충청남도 천안시,클래식 기악,0.5934812663828013,1
충청남도 천안시,무용,0.15986470274322642,2
충청남도 천안시,뮤지컬,0.14780300452994521,3
충청남도 천안시 동남구,클래식 기악,0.6018619887448087,1
충청남도 천안시 동남구,무용,0.1539439727294633,2
충청남도 천안시 동남구,뮤지컬,0.1437628153761668,3
충청남도 천안시 서북구,클래식 기악,0.5879908256795269,1
충청남도 천안시 서북구,무용,0.16374353509877979,2
충청남도 천안시 서북구,뮤지컬,0.1504498430744832,3
충청남도 청양군,클래식 기악,0.6389477369967349,1
충청남도 청양군,무용,0.12784355670420489,2
충청남도 청양군,뮤지컬,0.12676476046700857,3
충청남도 태안군,클래식 기악,0.6337577412958618,1
충청남도 태안군,무용,0.13150855823811874,2
충청남도 태안군,뮤지컬,0.12900346484782443,3
충청남도 홍성군,클래식 기악,0.6135313487259332,1
충청남도 홍성군,무용,0.1463606501203512,2
충청남도 홍성군,뮤지컬,0.13797532165635498,3
충청북도 괴산군,클래식 기악,0.6409604858116197,1
충청북도 괴산군,무용,0.1262533991949786,2
충청북도 괴산군,뮤지컬,0.12557807473650937,3
충청북도 단양군,클래식 기악,0.6378996006507981,1
충청북도 단양군,무용,0.1285529497313479,2
충청북도 단양군,뮤지컬,0.12677173426877092,3
충청북도 보은군,클래식 기악,0.6392565609396432,1
충청북도 보은군,무용,0.12764663610436186,2
충청북도 보은군,뮤지컬,0.12644034357225273,3
충청북도 영동군,클래식 기악,0.636450504395162,1
충청북도 영동군,무용,0.12972664388812977,2
충청북도 영동군,뮤지컬,0.12749893565054599,3
충청북도 옥천군,클래식 기악,0.6300012733814795,1
충청북도 옥천군,무용,0.13425528364916176,2
충청북도 옥천군,뮤지컬,0.1304789896578664,3
충청북도 음성군,클래식 기악,0.6143180376546201,1
충청북도 음성군,무용,0.14524242163842485,2
충청북도 음성군,뮤지컬,0.13760301371790948,3
충청북도 제천시,클래식 기악,0.6182386017254687,1
충청북도 제천시,무용,0.14270416315485435,2
충청북도 제천시,뮤지컬,0.1358051882895834,3
충청북도 증평군,클래식 기악,0.6061834647030613,1
충청북도 증평군,무용,0.15120232724633842,2
충청북도 증평군,뮤지컬,0.1415207006756831,3
충청북도 진천군,클래식 기악,0.6016541004209268,1
충청북도 진천군,무용,0.15463650780033739,2
충청북도 진천군,뮤지컬,0.14330298774703434,3
충청북도 청주시,클래식 기악,0.5974292970156676,1
충청북도 청주시,무용,0.1572207530043304,2
충청북도 청주시,뮤지컬,0.14585307696889985,3
충청북도 청주시 상당구,클래식 기악,0.602460336189913,1
충청북도 청주시 상당구,무용,0.15405632624003923,2
충청북도 청주시 상당구,뮤지컬,0.14295194897225347,3
충청북도 청주시 서원구,클래식 기악,0.6048685365430927,1
충청북도 청주시 서원구,무용,0.1517701960953653,2
충청북도 청주시 서원구,뮤지컬,0.14242070614066052,3
충청북도 청주시 청원구,클래식 기악,0.595209465939124,1
충청북도 청주시 청원구,무용,0.15885324701041206,2
충청북도 청주시 청원구,뮤지컬,0.14697130756688048,3
충청북도 청주시 흥덕구,클래식 기악,0.5907653512430828,1
충청북도 청주시 흥덕구,무용,0.1617535181635304,2
충청북도 청주시 흥덕구,뮤지컬,0.14925220899084501,3
충청북도 충주시,클래식 기악,0.6119491767859718,1
충청북도 충주시,무용,0.14698258581373277,2
충청북도 충주시,뮤지컬,0.13889408405559117,3
